california,wildfires,fire,wildfire,northern,victims,wine,country,deadly,help
1,1,0,0,1,0,0,0,0,0
1,1,0,0,0,0,0,0,1,0
0,0,0,1,0,0,0,0,0,0
0,0,0,1,0,0,0,0,0,0
1,1,0,0,0,0,0,0,0,0
0,1,0,0,0,0,0,0,0,0
1,1,0,0,0,0,0,0,0,0
1,1,0,0,0,0,0,0,0,0
1,1,0,0,0,0,0,0,0,0
1,1,0,0,0,0,0,0,0,0
1,0,1,0,0,0,0,0,0,0
1,0,0,1,0,0,0,0,0,0
1,1,0,0,1,0,0,0,0,0
1,0,0,1,0,0,0,0,0,0
1,1,0,0,1,0,0,0,0,0
1,1,0,0,0,0,0,0,0,0
1,1,0,0,0,0,0,0,0,0
1,1,0,0,0,0,0,0,0,0
1,0,0,1,0,0,0,0,0,0
1,1,0,0,0,0,1,1,0,0
1,1,0,0,1,0,0,0,0,0
1,0,0,1,0,0,0,0,0,0
1,1,0,0,0,0,0,0,0,0
0,0,1,0,0,1,1,1,0,1
1,1,0,0,0,0,0,0,0,0
1,1,0,0,1,0,0,0,1,0
1,0,1,0,0,1,0,0,0,0
1,0,0,1,0,0,0,0,0,0
1,0,0,1,0,0,0,0,1,0
0,0,0,0,0,0,0,0,0,0
0,0,0,0,0,0,0,0,0,0
1,1,0,0,0,0,0,0,1,0
1,1,0,0,1,0,0,0,0,0
1,0,0,1,1,1,0,0,0,1
1,1,0,0,0,0,0,0,0,0
1,1,0,0,1,0,0,0,0,0
1,0,1,0,0,0,0,0,1,0
1,1,0,0,0,0,0,0,1,0
1,1,0,0,0,0,0,0,1,0
1,0,1,0,0,0,0,0,0,0
1,0,1,0,0,0,0,0,0,0
1,1,0,0,0,0,0,0,0,0
1,1,0,0,0,0,0,0,0,0
1,1,0,0,0,0,0,0,0,0
1,1,0,0,0,0,0,0,0,0
1,1,0,0,0,0,0,0,0,0
1,1,0,0,0,0,1,1,0,0
1,1,0,0,0,0,1,1,0,0
1,0,1,0,0,0,1,1,0,0
1,1,0,0,1,0,0,0,0,0
1,0,1,0,1,0,0,0,0,0
1,1,0,0,0,0,1,1,0,0
1,0,1,0,0,0,1,1,0,0
1,1,0,0,0,0,0,0,0,0
0,1,0,0,0,0,0,0,0,0
1,1,0,0,0,0,0,0,0,0
1,0,0,0,0,0,0,0,0,0
1,1,0,0,0,0,0,0,0,0
1,1,0,0,0,0,0,0,0,0
1,1,0,0,0,0,1,1,0,0
1,0,0,1,0,0,0,0,0,0
1,0,0,0,1,0,0,0,0,0
1,1,0,0,0,0,0,0,0,0
1,0,0,1,0,0,0,0,0,0
1,0,1,0,0,0,0,0,0,0
1,0,0,1,0,0,0,0,0,0
1,1,0,0,0,0,0,0,0,0
1,1,0,0,0,0,1,1,0,0
1,0,1,0,1,0,0,0,0,0
1,0,1,0,0,0,0,0,0,0
1,1,0,0,0,0,0,0,0,0
1,1,0,0,0,0,0,0,0,1
1,0,0,0,0,0,1,1,1,0
1,0,1,0,0,0,0,0,0,0
1,0,0,1,0,0,0,0,0,0
1,1,0,0,0,0,0,0,0,0
1,1,0,0,0,0,0,0,0,0
1,1,0,0,0,0,0,0,0,0
1,1,0,0,0,0,1,1,0,0
1,1,0,0,1,0,0,0,0,0
1,1,0,0,1,0,0,0,0,0
1,0,0,0,0,0,0,0,0,0
1,1,0,0,0,0,0,0,0,0
1,1,0,0,0,0,0,0,1,0
1,0,1,0,0,0,0,0,1,0
1,1,0,0,0,0,0,0,0,0
1,0,1,0,0,0,0,0,0,0
0,0,0,0,0,0,1,1,0,0
1,1,0,0,0,0,0,0,0,0
1,1,0,0,0,0,1,1,0,0
1,0,1,0,0,0,0,0,0,0
1,0,1,0,0,0,0,0,0,0
1,0,1,0,0,0,0,0,0,0
1,0,1,0,0,0,0,0,0,0
1,0,1,0,0,0,0,0,0,0
1,1,0,0,0,0,0,0,0,0
1,0,0,0,0,0,0,0,0,0
1,1,0,0,0,1,0,0,0,1
1,1,0,0,0,0,0,0,1,0
1,1,0,0,0,0,0,0,0,0
0,0,1,0,0,0,0,0,0,0
0,0,1,0,0,0,0,0,0,0
0,0,1,0,0,0,0,0,0,0
0,0,1,0,0,0,0,0,0,0
1,0,1,0,0,0,0,0,0,0
1,0,1,0,0,0,0,0,0,0
1,1,0,0,0,0,0,0,0,0
1,1,0,0,0,0,0,0,0,0
1,1,0,0,0,0,0,0,0,0
0,0,0,0,0,0,0,0,1,0
0,0,0,0,0,0,0,0,1,0
1,0,1,0,1,0,0,0,0,0
1,0,0,1,0,0,0,0,0,0
1,0,1,1,0,0,0,0,0,0
1,1,0,0,0,0,0,0,0,0
1,1,0,0,0,0,0,0,0,0
1,0,1,0,0,0,1,1,0,0
1,1,0,0,1,0,0,0,0,0
1,1,0,0,0,0,0,0,0,0
1,1,0,0,0,0,0,0,0,0
1,1,0,0,0,0,0,0,0,0
1,0,1,0,0,1,0,0,0,0
1,1,0,0,0,0,0,0,0,0
1,1,0,0,0,0,0,0,0,0
1,1,0,0,0,0,0,0,0,0
1,1,0,0,0,0,0,0,0,0
1,1,0,0,0,0,0,0,0,0
1,1,0,0,0,0,0,0,0,0
1,1,0,0,0,0,0,0,0,0
1,0,0,1,0,0,0,0,0,0
0,1,0,0,0,0,0,0,0,0
0,1,0,0,0,0,1,1,0,0
0,0,0,0,0,0,1,1,0,0
1,1,0,0,0,0,0,0,0,0
1,0,0,0,0,0,0,0,0,0
1,1,0,0,0,0,0,0,0,0
1,1,0,0,1,0,0,0,0,0
1,1,0,0,0,0,0,0,0,0
1,0,1,0,0,0,0,0,0,0
1,0,1,0,0,0,0,0,0,0
1,0,0,0,0,0,0,0,0,0
1,0,1,0,0,0,0,0,0,0
1,1,0,0,0,0,1,1,0,0
1,1,0,0,0,0,1,1,0,0
1,1,0,0,0,0,0,0,0,1
0,1,0,0,0,0,0,0,0,0
1,1,0,0,0,0,0,0,0,0
0,0,0,0,0,0,1,1,1,0
1,1,0,0,0,0,0,0,1,0
1,1,0,0,0,0,0,0,0,0
1,1,0,0,0,0,0,0,0,0
1,0,0,1,0,0,0,0,0,0
1,0,1,0,0,0,0,0,0,0
1,1,0,0,0,0,0,0,0,0
1,0,0,1,0,0,0,0,1,0
1,0,0,1,1,0,0,0,0,0
1,1,0,0,0,0,0,0,0,0
1,1,0,0,0,0,0,0,0,0
1,1,0,0,0,0,0,0,0,0
1,0,1,0,0,0,0,0,0,0
1,1,0,0,0,0,0,0,0,0
1,1,0,0,0,0,0,0,0,0
1,1,0,0,0,0,0,0,1,0
1,0,0,0,0,0,0,0,0,0
1,0,1,0,1,0,0,0,0,0
1,1,0,0,0,0,1,0,0,0
1,0,1,0,0,0,0,0,0,0
0,1,0,0,0,0,0,0,0,0
1,1,0,0,0,0,0,0,0,0
1,1,0,0,0,0,0,0,0,1
1,1,0,0,0,0,0,0,0,0
1,1,0,0,0,0,0,0,0,0
1,0,1,0,1,0,0,0,0,0
1,1,0,0,0,0,0,0,0,0
1,0,0,1,1,0,0,0,0,0
1,1,0,0,0,0,0,0,0,0
1,1,0,0,1,0,0,0,0,0
1,1,0,0,0,0,0,0,0,0
1,1,0,0,0,0,0,0,0,0
1,0,1,0,0,0,0,0,0,0
0,0,0,0,0,0,0,0,0,0
1,0,1,0,0,0,0,0,0,0
0,0,0,0,1,0,0,0,0,0
1,1,0,0,0,0,0,0,0,0
1,1,0,0,1,0,0,0,0,0
1,1,0,0,0,1,0,0,0,0
1,0,0,0,0,0,0,0,0,0
1,1,0,0,0,0,0,0,0,0
0,0,0,0,0,0,0,0,0,0
1,1,0,0,0,0,0,0,0,0
1,1,0,0,0,0,0,0,0,0
1,0,0,0,0,0,0,0,0,0
0,0,1,0,0,0,0,0,0,0
1,1,0,0,0,0,0,0,0,0
1,0,0,1,0,1,0,0,0,0
0,0,0,0,0,0,0,0,0,0
0,0,0,0,0,0,0,0,0,0
1,0,0,1,0,0,0,0,0,0
1,1,0,0,0,0,0,0,0,0
1,1,0,0,1,0,0,0,0,0
0,0,1,0,0,0,0,0,0,0
0,0,0,0,0,0,0,0,0,0
1,0,1,0,0,0,0,0,0,0
1,1,0,0,1,0,0,0,0,0
0,0,0,0,0,0,0,0,0,0
1,1,0,0,0,0,0,0,0,0
1,0,1,0,0,0,0,0,0,0
1,1,0,0,1,0,0,0,0,0
1,1,0,0,0,0,0,0,0,0
0,0,0,1,0,0,0,0,0,0
0,0,0,0,0,0,0,0,0,0
1,0,1,0,0,0,0,0,1,0
0,1,0,0,0,0,1,1,0,0
1,0,1,0,1,0,0,0,0,0
1,0,0,0,1,0,0,0,0,0
0,0,0,0,0,0,0,0,0,0
1,0,0,1,0,0,0,0,0,0
1,0,0,0,0,0,1,1,0,0
1,1,0,0,1,0,0,0,0,0
1,1,0,0,0,0,0,0,0,0
1,1,0,0,0,0,0,0,0,0
1,1,0,0,0,0,0,0,0,0
1,1,0,0,0,0,0,0,0,0
1,1,0,0,0,0,0,0,0,0
1,1,0,0,1,0,0,0,0,0
0,1,0,0,0,0,0,0,0,0
1,1,0,0,0,0,0,0,0,0
1,1,0,0,0,0,0,0,0,0
1,1,0,0,0,0,0,0,0,0
1,1,0,0,0,0,0,0,0,0
1,0,1,0,0,0,0,0,0,1
1,1,0,0,0,0,0,0,0,0
1,0,0,0,1,0,0,0,0,0
0,0,0,1,0,1,0,0,0,0
1,0,1,0,0,0,0,0,0,0
1,0,1,0,0,0,0,0,0,0
1,1,0,0,0,0,0,0,0,0
1,1,0,0,0,0,0,0,0,0
1,1,0,0,0,0,0,0,0,0
1,0,1,0,0,0,0,0,0,0
1,1,0,0,0,0,0,0,0,0
1,0,0,0,1,0,0,0,0,0
1,1,0,0,0,1,0,0,0,0
1,1,0,0,0,0,0,0,0,0
1,1,0,0,1,0,0,0,1,0
0,0,1,0,0,0,0,0,0,1
1,1,0,0,0,0,0,0,0,0
1,0,1,0,0,0,0,0,0,0
1,1,0,0,0,0,0,0,0,0
1,1,0,0,0,0,0,0,0,0
0,0,1,0,0,0,0,0,0,0
1,0,1,0,0,0,0,0,0,0
1,0,1,0,0,0,0,0,0,0
1,0,0,1,0,0,0,0,0,0
0,0,0,0,0,0,0,0,0,0
1,1,0,0,1,0,0,0,0,0
1,0,1,0,0,0,0,0,0,0
1,0,1,0,0,0,0,0,0,0
1,1,0,0,0,0,0,0,0,0
1,0,1,0,0,0,0,0,0,0
0,1,0,0,0,0,0,0,0,0
1,1,0,0,0,0,0,0,0,0
1,1,0,0,0,0,0,0,0,0
1,1,0,0,0,0,0,0,0,0
1,0,0,1,0,0,0,0,0,0
1,0,0,1,0,0,0,0,0,0
1,2,0,0,0,0,0,0,0,0
1,1,0,0,0,0,0,0,0,0
1,0,0,1,0,0,0,0,0,0
0,0,0,1,0,0,0,0,0,0
1,1,0,0,0,0,0,0,0,0
1,0,0,1,0,0,0,0,1,0
1,1,0,0,0,0,0,0,0,0
1,1,0,0,0,0,0,0,0,0
0,0,0,0,0,0,0,0,0,0
1,0,1,0,0,0,1,1,0,0
1,0,0,1,0,0,0,0,0,0
0,1,0,0,0,0,1,0,0,0
1,1,0,0,0,0,0,0,0,0
0,0,0,1,0,0,0,0,0,0
1,1,0,0,0,0,0,0,0,0
1,1,0,0,0,0,0,0,0,0
1,0,1,0,1,0,0,0,0,0
1,0,1,0,0,0,0,0,0,0
1,1,0,0,1,0,0,0,0,0
1,0,1,0,0,0,0,0,0,0
1,0,1,0,0,0,0,0,0,0
1,0,0,1,0,1,0,0,0,0
1,1,0,0,0,0,0,0,0,0
1,0,1,0,0,0,0,0,0,0
0,0,1,0,0,0,0,0,0,0
1,0,1,0,1,0,0,0,0,0
1,1,0,0,0,0,0,0,0,0
1,0,0,1,0,0,0,0,0,0
1,0,0,0,1,0,0,0,0,0
1,0,0,0,1,0,0,0,0,0
1,0,0,0,1,0,0,0,0,0
1,0,0,0,1,0,0,0,0,0
1,0,0,0,0,1,0,0,0,1
1,0,0,1,0,0,0,0,0,0
1,1,0,0,0,0,0,0,0,0
1,0,1,0,0,0,0,0,0,0
1,0,1,0,0,0,0,0,0,0
0,0,1,0,0,0,0,0,0,0
0,1,0,0,0,1,0,0,0,0
1,1,0,0,1,0,0,0,0,0
1,0,1,0,0,0,0,0,0,0
1,0,1,0,0,0,0,0,0,0
1,1,0,0,0,0,0,0,0,0
1,1,0,0,0,0,0,0,0,0
1,0,1,1,0,0,0,0,0,0
1,0,0,1,0,0,0,0,0,0
0,0,0,0,0,0,0,0,0,0
1,0,0,1,0,0,0,0,0,0
0,0,0,0,0,0,0,0,0,0
1,1,0,0,0,0,0,0,0,0
1,1,0,0,0,0,0,0,0,0
1,1,0,0,1,0,0,0,0,0
1,1,0,0,0,0,0,0,0,0
1,1,0,0,0,0,0,0,0,0
1,0,1,0,0,0,0,0,0,0
1,1,0,0,0,0,0,0,0,0
1,1,0,0,0,0,0,0,0,0
1,0,1,0,0,0,0,0,0,0
1,1,0,0,0,0,0,0,0,0
1,0,1,0,0,0,0,0,0,0
0,0,1,0,0,0,0,0,0,0
1,0,0,1,0,0,0,0,0,0
0,0,0,0,0,0,0,0,0,0
1,0,0,1,0,0,0,0,0,0
1,1,0,0,0,1,0,0,0,0
1,1,0,0,0,0,0,0,0,0
1,1,0,0,0,0,1,0,0,0
1,0,1,0,0,0,0,0,0,0
1,1,0,0,0,0,0,0,0,0
1,1,0,0,0,0,0,0,0,0
0,0,1,0,0,0,0,0,0,0
1,1,0,0,0,0,1,1,0,0
1,1,0,0,0,0,0,0,0,0
1,0,1,0,0,0,0,0,0,0
1,0,0,1,0,0,0,0,0,0
1,0,1,0,0,0,0,0,0,0
1,0,0,0,0,0,0,0,0,0
1,1,0,0,0,0,0,0,0,0
1,1,0,0,0,0,0,0,0,0
0,1,0,0,0,0,0,0,0,0
1,1,0,0,0,0,0,0,0,0
0,1,0,0,0,0,0,0,0,0
0,1,0,0,0,0,0,0,0,0
0,1,0,0,0,0,0,0,0,0
1,1,0,0,0,0,0,0,0,0
1,1,0,0,0,0,0,0,0,0
1,1,0,0,0,0,0,0,0,0
1,1,0,0,0,0,0,0,0,0
0,1,0,0,0,0,1,0,0,0
1,1,0,0,0,0,0,0,0,0
1,1,0,0,0,0,0,0,0,0
1,0,2,0,0,0,0,0,0,0
0,0,0,1,0,0,0,0,0,0
1,1,0,0,0,0,0,0,0,0
1,1,0,0,0,0,0,0,0,0
0,0,0,0,0,0,0,0,0,0
1,1,0,0,0,0,0,0,0,0
1,0,1,0,0,0,0,0,0,0
1,1,0,0,0,0,0,0,0,0
0,1,0,0,0,0,0,0,0,0
1,1,0,0,0,0,0,0,0,0
0,0,0,1,0,0,0,0,0,0
1,1,0,0,0,0,0,0,0,0
1,0,1,0,0,0,0,0,0,0
1,0,0,1,0,0,1,0,0,0
1,0,0,1,0,0,0,0,0,0
1,0,1,0,0,0,0,0,0,0
1,1,0,0,0,0,0,0,0,0
0,0,1,0,0,0,0,0,0,0
0,0,0,0,0,0,0,0,0,0
1,1,0,0,0,0,0,0,0,0
1,1,0,0,0,0,0,0,0,0
2,0,1,0,0,0,0,0,0,0
1,0,1,0,0,0,0,0,0,0
1,0,1,0,0,0,0,0,0,0
1,1,0,0,0,0,0,0,0,0
0,0,0,0,0,0,0,0,0,0
0,0,0,0,0,0,0,0,0,0
1,0,0,1,0,1,0,0,1,0
0,0,0,0,0,0,0,0,0,0
1,1,0,0,0,0,0,0,0,0
1,1,0,0,0,0,0,0,0,0
1,0,0,0,0,0,0,0,0,0
1,0,1,0,0,0,0,0,0,0
1,0,0,0,0,0,0,0,0,0
1,1,0,0,0,0,0,0,0,0
1,0,0,0,0,0,0,0,0,0
1,1,1,0,0,0,1,1,0,0
1,1,0,0,0,0,0,0,0,0
1,0,0,1,1,0,0,0,0,0
1,0,1,0,0,0,0,0,0,0
0,0,0,1,0,0,0,0,0,0
1,1,0,0,0,0,0,0,0,0
1,1,0,0,0,0,0,0,0,0
1,0,0,0,0,0,0,0,0,0
1,1,0,0,0,0,0,0,0,0
1,1,0,0,0,0,0,0,0,0
1,1,0,0,1,0,0,0,0,0
1,1,0,0,0,0,0,0,0,0
1,0,0,0,0,0,0,0,0,0
1,0,1,0,0,0,1,1,0,0
1,0,1,0,0,0,0,0,0,0
1,0,1,0,0,0,0,0,0,0
1,1,0,0,0,0,0,0,0,0
1,1,0,0,0,0,0,0,1,0
1,1,0,0,0,0,0,0,1,0
1,0,1,0,1,0,0,0,0,0
1,1,0,0,0,0,0,0,0,0
1,1,0,0,0,0,0,0,0,0
0,0,0,1,0,0,0,0,0,0
0,0,0,0,0,0,0,0,0,0
1,1,0,0,0,0,0,0,0,0
0,1,0,0,0,0,0,0,0,0
1,1,0,0,0,0,0,0,0,0
1,0,0,1,0,0,0,0,0,0
1,1,0,0,0,0,0,0,0,0
0,0,0,0,0,0,0,0,0,0
1,0,1,0,0,0,0,0,0,1
1,1,0,0,0,0,0,0,0,0
1,1,0,0,0,0,0,0,0,0
1,1,0,0,0,0,0,0,0,0
1,0,1,0,0,0,0,0,0,0
0,0,0,1,0,0,0,0,0,0
1,1,0,0,0,0,0,0,0,0
2,1,0,0,0,0,0,0,0,0
0,1,0,0,0,0,0,0,0,0
1,1,0,0,0,0,0,0,0,0
1,0,1,0,0,0,0,0,0,0
1,1,0,0,0,0,0,0,0,0
1,1,0,0,0,0,0,0,0,0
1,1,0,0,0,0,0,0,0,0
1,1,0,0,0,0,0,0,0,0
1,1,0,0,0,0,0,0,0,0
1,0,1,0,0,0,0,0,0,0
1,0,1,0,0,0,0,0,0,0
0,1,1,0,0,0,0,0,0,0
1,1,0,0,0,0,0,0,0,0
1,1,0,0,0,0,0,0,1,0
1,0,1,0,0,0,0,0,0,0
1,1,0,0,0,0,0,0,0,0
1,1,0,0,0,0,0,0,0,0
1,0,0,0,0,0,0,0,0,0
1,0,0,0,0,0,0,0,0,0
1,0,0,0,0,0,0,0,0,0
1,0,0,0,0,0,0,0,0,0
1,1,0,0,0,0,0,0,0,0
0,0,0,0,0,0,0,0,0,0
1,1,0,0,0,0,0,0,0,0
1,0,0,1,0,0,0,0,0,0
0,0,0,0,0,0,0,0,0,0
1,0,1,0,0,0,0,0,0,1
1,1,0,0,0,0,0,0,0,0
1,1,0,0,0,0,0,0,0,0
0,1,0,0,0,0,0,0,0,0
0,0,0,0,0,0,0,0,0,0
1,0,1,0,0,0,0,0,0,1
1,1,0,0,0,0,0,0,0,0
1,1,0,0,0,0,0,0,0,0
1,1,0,0,0,0,0,0,0,0
1,1,0,0,0,0,0,1,0,0
1,0,0,1,0,0,0,0,0,0
1,0,0,1,0,0,0,0,0,0
1,1,0,0,0,0,0,0,0,0
1,1,0,0,0,0,0,0,0,0
1,1,0,0,0,0,0,0,0,0
1,1,0,0,0,0,0,0,0,0
1,0,1,0,0,0,0,0,1,0
1,1,0,0,0,0,0,0,0,0
1,0,1,0,0,0,0,0,0,0
1,0,1,0,0,0,0,0,0,0
0,0,0,0,0,0,0,0,0,0
1,0,0,1,0,0,0,0,0,0
1,1,0,0,0,0,1,1,0,0
1,1,0,0,0,0,0,0,0,0
1,1,0,0,0,0,0,0,0,0
0,0,0,1,0,1,0,0,0,0
1,1,0,0,0,0,0,0,0,0
1,1,0,0,0,0,0,0,0,0
1,1,0,0,0,0,0,0,0,0
1,1,0,0,0,0,0,0,0,0
1,1,0,0,0,0,0,0,0,0
1,1,0,0,0,0,0,0,0,0
0,1,0,0,1,0,0,0,0,0
1,1,0,0,0,0,0,0,0,0
0,1,0,0,0,0,0,0,0,0
1,0,0,0,0,0,0,0,0,0
1,1,0,0,0,0,0,0,0,0
1,1,0,0,0,0,0,0,0,0
1,0,0,1,0,0,0,0,0,0
1,0,1,0,0,0,0,0,0,0
1,0,1,0,0,0,0,0,0,0
1,0,1,0,0,0,0,0,0,0
1,0,0,1,0,0,0,0,0,0
1,1,0,0,0,0,0,0,0,0
1,0,0,1,0,0,0,0,0,0
1,1,0,0,0,0,0,0,0,0
1,0,0,0,0,0,0,0,0,0
1,1,0,0,1,0,0,0,0,0
1,1,0,0,0,0,0,0,0,0
1,1,0,0,0,0,0,0,0,0
1,0,0,1,0,0,0,0,0,0
1,1,0,0,0,0,0,0,0,0
1,1,0,0,0,0,0,0,0,0
1,1,0,0,0,0,0,0,0,0
1,0,0,0,0,0,0,0,0,0
0,0,0,0,0,0,0,0,0,0
0,0,0,0,0,0,0,0,0,0
1,0,1,0,0,0,0,0,0,0
1,1,0,0,0,0,0,0,0,0
0,0,0,0,0,0,0,0,0,0
1,1,0,0,0,0,0,0,0,0
1,1,0,0,0,0,0,0,0,0
1,0,1,0,0,0,0,0,0,0
1,0,0,1,0,0,0,0,0,0
0,0,1,0,0,0,0,0,0,0
1,1,0,0,1,0,0,0,0,0
1,1,0,0,0,0,0,0,0,0
1,1,0,0,0,0,0,0,0,0
1,0,1,0,1,0,0,0,0,0
1,1,0,0,0,0,0,0,0,0
1,1,0,0,0,0,0,0,0,0
1,1,0,0,0,0,0,0,0,1
0,0,2,0,0,0,0,0,0,0
1,0,1,0,0,0,0,0,0,0
0,0,0,0,0,0,0,0,0,0
1,0,0,1,0,0,0,0,0,0
0,0,1,0,1,1,0,0,0,0
0,1,0,0,0,0,0,0,0,0
1,0,0,1,0,0,0,0,0,0
1,1,0,0,0,1,0,0,1,0
1,1,0,0,0,0,0,0,0,0
1,0,0,1,0,0,0,0,0,0
1,1,0,0,0,0,0,0,0,1
1,1,0,0,0,0,0,0,0,0
0,0,0,1,0,0,0,0,0,0
1,0,0,1,0,0,0,0,0,0
1,0,1,0,0,0,0,0,0,0
1,1,0,0,0,0,0,0,0,0
1,1,0,0,0,0,0,0,0,0
1,1,0,0,0,0,0,0,0,0
0,0,1,0,0,0,0,0,0,0
1,1,0,0,0,0,0,0,0,0
0,1,0,0,0,0,0,0,1,0
1,1,0,0,0,0,0,0,0,0
1,0,1,0,1,0,0,0,0,0
1,0,0,1,0,0,0,0,0,0
1,1,0,0,0,0,0,0,1,0
1,0,1,0,0,0,0,0,0,0
1,1,0,0,0,0,0,0,0,0
1,0,0,1,0,0,0,0,0,0
0,1,0,0,0,0,0,0,0,0
0,0,0,0,0,0,0,0,0,0
1,1,0,0,0,0,0,0,0,0
1,1,0,0,0,0,0,0,0,0
1,0,0,1,0,0,0,0,1,0
1,1,0,0,1,0,0,0,1,0
1,1,0,0,0,0,0,0,0,0
1,0,0,1,0,0,0,0,1,0
1,0,0,1,0,0,0,0,0,0
1,0,1,0,0,0,0,0,0,0
1,0,1,0,0,0,0,0,0,0
0,0,1,0,0,0,0,0,0,0
1,1,0,0,0,0,0,0,0,0
1,1,0,0,0,0,0,0,0,0
1,1,0,0,0,0,0,0,0,0
1,1,0,0,0,0,0,0,0,0
0,0,1,0,0,0,0,0,0,0
1,0,0,0,0,0,0,0,0,0
0,0,1,0,0,0,0,0,0,0
1,0,0,1,0,0,0,0,0,0
1,0,0,1,0,0,0,0,0,0
1,0,1,0,0,0,0,0,0,0
0,0,1,0,0,0,0,0,0,0
1,1,0,0,0,0,0,0,0,0
1,1,0,0,0,0,0,0,0,0
1,0,0,1,0,0,0,0,0,0
1,0,0,1,0,0,0,0,0,0
0,0,1,0,0,0,0,0,0,0
1,1,1,0,0,0,0,0,0,0
1,1,0,0,0,0,0,0,0,0
1,1,0,0,0,0,0,0,0,0
1,0,0,1,0,0,0,0,0,1
0,0,0,0,0,0,0,0,0,0
0,0,1,0,0,1,0,0,0,0
1,1,0,0,1,0,0,0,0,0
1,1,0,0,0,0,0,0,0,0
1,0,0,1,0,0,0,0,0,0
0,1,0,0,0,0,0,0,0,0
1,0,1,0,0,0,0,0,0,0
1,1,0,0,0,0,0,0,0,0
1,0,1,0,0,0,0,0,0,1
1,1,0,0,0,1,0,0,0,0
1,1,0,0,0,0,0,0,0,0
1,1,0,0,0,0,0,0,0,0
1,0,1,0,0,0,0,0,0,0
0,0,0,0,0,0,0,0,0,0
1,0,0,1,0,0,0,0,0,0
1,1,0,0,0,0,0,0,0,0
1,0,1,0,1,0,0,0,0,0
1,0,0,1,0,0,0,0,0,0
1,0,1,0,0,0,0,0,0,0
1,0,1,0,0,0,0,0,0,0
1,1,0,0,0,0,0,0,0,0
1,1,0,0,0,0,0,0,0,0
1,1,0,0,0,0,0,0,0,0
1,0,1,0,0,0,0,0,0,0
1,0,0,1,0,0,0,0,0,0
1,1,0,0,0,0,0,0,0,0
1,1,0,0,0,0,0,0,0,0
0,0,0,0,0,0,0,0,0,1
1,0,0,1,0,0,0,0,1,0
1,0,1,0,0,0,0,0,0,0
1,1,0,0,1,0,0,0,0,0
0,1,0,0,0,0,1,1,0,0
1,0,1,0,0,0,0,0,0,0
1,1,0,0,0,1,0,0,1,0
1,0,0,1,0,0,0,0,0,0
1,1,0,0,0,0,0,0,0,1
1,0,1,0,1,0,0,0,0,0
1,1,0,0,0,0,0,0,0,0
1,0,1,0,0,0,0,0,0,0
1,1,0,0,0,0,0,0,0,0
1,0,0,1,0,0,0,0,0,0
1,0,0,0,0,0,0,0,1,0
1,0,1,0,0,0,0,0,0,0
1,1,0,0,0,0,0,0,0,0
1,1,0,0,0,0,0,0,0,0
1,1,0,0,0,0,0,0,0,0
1,0,0,1,0,0,0,0,0,0
1,0,0,1,0,0,0,0,0,0
0,0,0,0,0,0,0,0,0,0
1,1,0,0,0,0,0,0,0,0
0,0,1,0,0,0,0,0,0,0
1,0,0,1,0,1,0,0,0,0
1,1,1,0,0,0,0,0,0,0
1,0,1,0,1,0,0,0,0,0
1,1,0,0,0,0,0,0,0,0
1,1,0,0,0,0,0,0,0,0
0,0,1,0,0,0,0,0,0,0
0,0,0,0,0,0,0,0,0,0
0,0,0,0,0,0,0,0,0,0
1,0,1,0,0,0,0,0,0,0
1,0,1,0,0,0,0,0,0,0
1,0,1,0,0,0,0,0,0,0
1,0,1,0,0,0,0,0,0,0
1,0,0,1,0,1,0,0,0,0
0,0,0,0,0,0,0,0,0,0
1,0,1,0,0,0,0,0,0,0
0,0,1,0,0,1,0,0,0,0
0,0,0,0,0,0,0,0,0,0
1,0,1,0,0,1,0,0,0,0
1,0,0,0,1,0,1,1,0,0
1,1,0,0,0,0,0,0,0,1
1,0,1,0,0,0,0,0,0,0
1,0,1,0,0,0,0,0,0,0
1,0,1,0,0,0,0,0,0,0
1,0,1,0,0,0,0,0,0,0
1,0,1,0,0,0,0,0,0,0
1,0,0,1,0,0,0,0,0,0
1,1,0,0,0,0,0,0,0,0
1,1,0,0,0,0,0,0,0,0
1,0,1,0,0,0,1,1,0,0
1,1,0,0,0,0,0,0,0,0
1,0,1,0,0,0,0,0,0,0
1,0,0,0,0,0,0,0,0,0
1,0,1,0,0,1,0,0,0,1
1,0,1,0,0,0,0,0,0,0
1,0,1,0,0,0,0,0,0,0
0,0,0,0,0,0,0,0,0,0
1,1,0,0,0,0,0,0,0,0
0,0,0,0,0,0,1,0,0,0
1,0,1,0,0,0,0,0,0,0
1,0,0,0,0,0,0,0,1,0
0,1,0,0,0,0,0,0,0,0
1,1,0,0,0,0,0,0,0,0
1,1,0,0,0,0,0,0,0,0
1,0,0,0,0,0,0,0,0,0
1,1,0,0,0,0,0,0,0,0
1,1,0,0,0,0,0,0,0,0
0,0,1,0,0,0,1,1,0,0
1,0,0,0,0,0,0,0,0,0
1,1,1,0,0,0,0,0,0,0
1,1,0,0,0,0,0,0,0,0
0,0,0,0,0,0,0,0,0,0
1,0,0,1,0,0,0,0,0,0
1,0,0,1,0,0,0,0,0,0
1,1,0,0,0,0,0,0,0,0
1,1,0,0,0,0,0,0,0,0
1,1,0,0,0,0,0,0,0,0
1,1,0,0,0,0,0,0,0,0
1,1,0,0,0,0,0,0,0,0
1,1,0,0,0,0,0,0,0,0
0,1,0,0,0,0,0,0,0,0
1,0,1,0,0,0,0,0,0,0
1,0,0,1,0,0,0,0,0,0
1,0,1,0,1,0,0,0,0,0
1,0,1,0,1,0,0,0,0,0
1,0,1,0,0,1,0,0,0,0
1,1,0,0,0,0,0,0,0,0
1,1,0,0,0,0,0,0,0,0
0,0,0,0,0,0,0,0,0,0
1,0,1,0,0,0,0,0,0,0
1,1,0,0,0,0,0,0,0,0
1,1,0,0,0,0,0,0,0,0
1,1,0,0,0,0,0,0,0,0
1,1,0,0,0,0,0,0,0,0
1,1,0,0,0,0,0,0,0,0
0,0,0,0,0,0,0,0,0,1
1,1,0,0,0,0,0,0,0,0
1,1,0,0,0,0,0,0,0,0
1,1,0,0,0,0,0,0,0,0
1,0,1,0,0,0,1,1,0,0
1,1,0,0,0,0,1,0,0,0
1,0,0,1,0,1,0,0,0,0
1,1,0,0,0,0,0,0,0,0
1,0,1,0,0,0,0,0,0,0
1,0,0,1,0,0,0,0,0,0
1,0,1,0,0,0,0,0,0,0
1,1,0,0,0,0,0,0,0,0
0,0,1,0,0,0,0,0,0,0
1,1,0,0,0,0,0,0,0,0
1,1,0,0,0,0,0,0,0,0
1,1,0,0,0,0,0,0,0,0
1,1,0,0,0,0,0,0,0,1
1,1,0,0,0,0,0,0,0,0
1,1,0,0,0,0,0,0,0,0
1,0,1,0,1,1,0,0,0,0
1,0,1,0,0,0,0,0,0,0
1,1,0,0,0,0,0,0,0,0
1,1,0,0,0,0,0,0,0,0
1,1,0,0,0,0,0,0,0,0
1,0,0,1,0,0,0,0,0,0
1,1,0,0,0,0,0,0,0,0
1,0,0,1,0,0,0,0,1,0
1,1,0,0,0,0,0,0,0,0
1,1,0,0,0,0,0,0,0,0
0,0,0,0,0,0,0,0,0,0
1,0,0,1,0,1,0,0,0,0
0,0,1,0,0,1,0,0,0,0
0,0,1,0,0,0,0,0,0,0
1,0,1,0,0,0,0,0,0,0
1,0,0,1,0,0,0,0,0,0
1,1,0,0,0,0,0,0,0,0
1,0,0,0,0,0,0,0,1,0
0,1,1,0,0,0,0,0,0,0
1,0,1,0,0,0,0,0,0,0
1,1,0,0,0,0,0,0,0,0
1,0,0,0,0,0,0,0,0,0
1,0,0,0,0,0,0,0,0,0
1,1,0,0,0,0,0,0,0,0
1,0,0,1,0,0,0,0,0,0
1,1,0,0,0,0,0,0,0,1
1,1,0,0,0,0,0,0,0,0
1,1,0,0,0,0,0,0,0,0
0,0,0,0,0,0,0,0,0,0
1,1,0,0,0,0,0,0,0,0
1,0,1,0,0,0,0,0,0,0
1,1,0,0,0,0,0,0,0,0
0,0,1,0,0,1,0,0,0,0
1,0,0,1,0,0,0,0,0,0
1,1,0,0,0,0,0,0,0,0
0,0,1,0,0,0,0,0,0,0
1,1,0,0,0,0,0,0,0,0
1,0,1,0,0,0,0,0,0,0
1,0,1,0,0,0,0,0,0,0
1,0,0,1,0,0,0,0,0,0
1,1,0,0,0,0,0,0,0,0
1,1,0,0,1,0,0,0,0,0
1,1,0,0,0,0,0,0,0,0
1,1,0,0,0,0,0,0,0,0
1,1,0,0,0,0,0,0,0,0
1,1,0,0,0,0,0,0,0,0
0,1,0,0,0,0,0,0,0,0
1,0,1,0,0,1,0,0,0,0
1,0,1,0,0,0,0,0,0,0
1,0,1,0,0,0,0,0,0,0
0,0,0,1,0,0,0,0,0,0
1,1,0,0,0,0,0,0,0,0
1,0,0,1,0,1,0,0,0,0
1,0,1,0,0,0,0,0,0,0
0,1,0,0,0,0,0,0,0,0
1,1,0,0,0,0,0,0,0,0
1,0,1,0,0,0,0,0,0,0
1,1,0,0,0,0,0,0,0,0
0,0,0,0,0,0,0,0,0,0
0,0,0,0,0,0,0,0,0,0
0,0,0,0,0,0,0,0,0,0
0,0,0,0,0,0,0,0,0,0
1,1,0,0,0,0,0,0,1,0
1,1,0,0,0,0,0,0,0,0
1,0,1,0,0,0,0,0,0,0
1,1,0,0,0,0,0,0,0,0
1,1,0,0,0,1,0,0,0,0
1,1,0,0,0,0,0,0,0,0
1,1,0,0,0,0,0,0,0,0
1,0,0,1,0,0,0,0,0,0
1,0,0,1,0,0,0,0,0,0
1,1,0,0,0,0,0,0,0,0
1,1,0,0,0,0,0,0,0,0
1,1,0,0,0,0,0,0,0,0
1,1,0,0,0,0,0,0,0,0
0,0,1,0,0,0,0,0,0,0
1,0,1,0,0,0,0,0,0,0
1,1,0,0,0,0,0,0,0,0
0,0,0,0,0,0,0,0,0,0
1,1,0,0,0,1,0,0,0,0
1,1,0,0,0,0,0,0,0,0
1,1,0,0,0,0,0,0,0,0
1,1,0,0,0,0,0,0,1,0
1,0,0,0,0,0,0,0,0,1
1,0,1,0,0,1,0,0,0,0
1,1,0,0,0,0,0,0,0,0
1,1,0,0,0,0,0,0,0,0
1,0,0,1,0,0,0,0,0,0
1,0,0,1,0,0,0,0,0,0
1,0,1,0,0,0,0,0,0,0
1,0,1,0,0,0,0,0,0,0
0,0,1,0,0,0,0,0,0,0
1,0,1,0,0,0,0,0,0,0
1,0,1,0,0,0,0,0,0,0
1,0,1,0,0,0,0,0,0,0
1,0,1,0,0,0,0,0,0,0
1,0,1,0,0,0,0,0,0,0
1,0,1,0,0,0,0,0,0,0
1,0,1,0,0,0,0,0,0,0
1,0,0,1,0,0,0,0,0,0
1,0,1,0,0,0,0,0,0,0
0,1,0,0,0,0,0,0,0,0
1,0,1,0,1,0,0,0,0,0
0,0,0,0,0,0,0,0,0,0
1,0,1,0,0,0,0,0,0,0
1,0,0,1,0,0,0,0,0,0
1,1,0,0,0,0,0,0,0,0
1,0,0,1,0,0,0,0,0,0
1,0,0,0,0,0,0,0,0,0
1,0,0,1,0,0,0,0,0,0
1,1,0,0,0,0,0,0,0,0
1,0,1,0,0,0,0,0,0,0
0,0,0,0,0,0,0,0,0,0
1,1,0,0,0,0,0,0,0,0
1,0,0,1,0,1,0,0,0,0
1,1,0,0,0,0,0,0,0,0
1,0,1,0,0,0,0,0,0,0
1,0,0,1,0,0,0,0,0,0
1,0,1,0,0,0,0,0,0,0
1,0,0,1,0,0,0,0,0,0
1,0,0,0,0,1,0,0,0,0
1,1,0,0,0,0,0,0,0,0
1,1,0,0,0,0,0,0,0,0
1,0,0,0,0,0,0,0,0,0
1,1,0,0,0,0,0,0,0,0
1,0,0,0,0,0,0,0,0,0
1,1,0,0,0,0,0,0,0,0
1,0,1,0,0,1,0,0,0,0
1,1,0,0,0,0,0,0,0,0
1,1,0,0,0,0,0,0,1,0
1,1,0,0,0,0,0,0,0,0
1,0,1,0,0,0,0,0,0,0
0,0,1,0,0,0,0,0,0,0
0,0,1,0,0,0,0,0,0,0
1,0,1,0,0,0,0,0,0,0
1,0,0,0,0,0,0,0,0,0
1,1,0,0,0,0,0,0,0,1
1,1,0,0,0,0,0,0,0,0
1,1,0,0,0,0,0,0,0,0
1,0,0,1,0,0,0,0,0,0
1,0,0,1,0,0,0,0,0,0
1,0,0,1,0,0,0,0,0,0
0,0,0,0,0,0,0,0,0,0
1,0,1,0,0,0,0,0,0,0
1,1,0,0,0,0,0,0,0,0
1,0,1,0,0,0,0,0,0,0
1,1,0,0,0,0,0,0,0,0
1,1,0,0,0,0,0,0,0,0
0,0,0,0,0,1,0,0,0,0
1,0,1,0,0,0,0,0,0,0
1,0,0,1,0,1,0,0,0,0
0,0,0,1,0,0,0,0,0,0
1,0,0,0,0,0,0,0,0,0
1,1,0,0,1,0,0,0,0,0
1,0,0,0,0,0,1,1,0,0
0,0,0,1,0,0,0,0,0,0
1,0,0,1,0,0,0,0,0,0
0,0,0,0,0,0,0,0,0,0
1,0,0,1,1,0,0,0,0,0
0,1,0,0,0,0,1,1,0,0
0,1,0,0,0,0,0,0,0,0
1,0,0,1,0,0,0,0,0,0
0,0,0,1,0,0,0,0,0,0
1,1,0,0,0,0,0,0,0,0
1,0,0,0,0,0,0,0,0,0
1,0,0,0,0,0,0,0,0,0
1,0,1,0,0,0,0,0,0,0
1,0,0,1,0,0,0,0,0,0
1,0,0,1,0,0,0,0,0,0
1,1,0,0,0,0,0,0,0,0
0,0,1,0,0,0,0,0,0,0
1,1,0,0,0,0,0,0,1,0
1,0,0,0,0,0,0,0,0,0
1,1,0,0,0,0,0,0,0,0
1,0,0,1,0,0,0,0,0,0
1,1,0,0,0,0,0,0,0,0
1,1,1,0,0,0,0,0,0,0
1,1,0,0,0,0,0,0,1,0
0,0,0,0,0,0,0,0,0,0
2,1,0,0,0,0,0,1,0,0
1,1,0,0,0,0,0,0,0,1
1,0,1,0,0,0,0,0,0,0
1,0,1,0,0,0,0,0,0,0
0,0,1,0,0,0,0,0,0,0
0,0,0,0,0,0,0,0,0,0
1,1,0,0,1,0,0,0,0,0
1,0,1,0,0,0,0,0,0,0
0,0,1,0,0,0,0,0,0,0
1,0,0,0,0,0,0,0,0,0
1,0,0,0,0,0,0,0,0,0
1,0,0,0,0,0,0,0,0,0
1,1,0,0,0,0,0,0,0,0
1,0,1,0,0,0,0,0,0,0
1,0,1,0,0,0,0,0,0,0
1,1,0,0,0,0,0,0,0,0
0,0,0,0,0,0,0,0,0,0
1,0,1,0,0,0,0,0,0,0
1,1,0,0,0,0,0,0,0,0
0,1,0,0,0,0,0,0,0,0
1,0,0,0,0,0,0,0,0,0
1,0,1,0,0,0,0,0,0,0
1,0,1,0,0,0,0,0,0,0
0,0,0,1,0,0,0,0,0,1
0,0,0,1,0,0,0,0,0,0
0,0,0,1,0,0,0,0,0,0
1,0,1,0,0,0,0,0,0,0
1,0,1,0,0,0,0,0,0,0
1,0,1,0,0,0,0,0,0,0
1,0,1,0,0,0,0,0,0,0
0,0,0,0,0,0,0,0,0,0
1,0,0,0,0,0,0,0,0,0
1,0,1,0,0,0,0,0,0,0
1,1,1,0,0,0,0,0,0,0
1,0,1,0,0,1,0,0,0,0
1,1,0,0,0,0,0,0,0,0
1,0,0,0,0,0,0,0,0,0
1,0,1,0,0,0,0,0,0,0
1,0,0,1,0,1,0,0,0,0
1,1,0,0,0,0,0,0,0,0
1,0,0,0,0,0,0,0,0,0
1,0,1,0,0,0,0,0,0,0
0,0,0,0,0,0,0,0,0,0
1,1,0,0,0,0,0,0,0,0
0,0,0,1,0,0,0,0,0,0
1,0,0,1,0,0,0,0,0,0
1,1,0,0,0,0,0,0,0,0
1,1,0,0,0,0,0,0,0,0
0,0,0,2,0,0,0,0,0,0
0,0,0,1,0,1,0,0,0,0
1,1,0,0,0,0,1,0,0,0
0,0,0,0,0,0,0,0,0,1
1,0,1,0,0,0,0,0,0,0
1,0,0,1,0,0,0,0,0,0
1,0,1,0,0,0,0,0,0,0
1,1,0,0,0,0,0,0,0,0
1,1,0,0,0,0,0,0,0,1
1,0,1,0,0,0,0,0,0,0
1,0,1,0,0,0,0,0,0,0
1,0,1,0,1,0,0,0,0,0
1,1,0,0,0,0,0,0,0,1
1,0,1,0,0,0,0,0,0,0
1,0,0,1,0,0,0,0,0,0
1,1,0,0,0,0,0,0,1,0
1,0,0,1,0,0,0,0,0,0
1,1,0,0,0,0,0,0,0,0
0,1,0,0,0,0,0,0,0,0
1,0,1,0,0,0,0,0,0,0
0,1,0,0,0,0,0,0,0,0
1,0,0,1,0,0,0,0,0,0
0,1,0,0,0,0,0,1,0,0
1,1,0,0,1,0,0,0,0,0
1,0,1,0,1,0,0,0,0,0
1,0,0,1,0,1,0,0,0,0
0,0,0,0,0,0,0,0,0,0
0,1,0,0,0,0,0,0,0,0
1,0,0,1,0,0,0,0,0,0
0,0,0,1,0,0,0,0,0,0
1,0,1,0,0,0,0,0,0,0
1,0,0,1,0,1,0,0,0,0
1,1,0,0,0,0,0,0,0,0
0,0,1,0,0,0,0,0,0,0
1,0,0,0,0,0,1,1,0,0
0,0,0,1,0,0,0,0,0,0
1,0,1,0,0,0,0,0,0,0
1,1,0,0,0,0,0,0,0,0
0,0,0,0,0,0,0,0,0,0
1,1,0,0,0,0,0,0,0,1
1,1,0,0,0,0,0,0,0,0
1,1,0,0,0,0,0,0,0,0
1,1,0,0,1,0,0,0,0,0
1,1,0,0,1,0,0,0,0,0
1,1,0,0,0,0,0,0,0,0
1,1,0,0,0,0,0,0,0,0
1,1,0,0,0,0,0,0,0,0
1,0,1,0,0,0,0,0,0,0
0,0,0,0,0,0,0,0,0,1
1,1,0,0,0,0,0,0,0,0
1,0,0,1,0,0,0,0,0,0
1,0,0,1,0,1,0,0,0,0
1,0,0,1,0,0,0,0,0,0
1,0,1,0,0,0,0,0,0,0
1,0,0,1,0,0,0,0,0,0
1,1,0,0,0,0,0,0,0,0
1,0,1,0,1,0,0,0,0,0
0,0,0,1,0,1,0,0,0,0
0,0,0,0,0,0,0,0,0,0
1,0,1,0,1,0,0,0,0,0
1,0,0,1,0,0,0,0,0,0
1,1,0,0,0,0,0,0,0,0
0,0,0,0,0,0,0,0,0,0
0,0,0,0,0,0,1,1,0,0
1,1,1,0,0,0,0,0,0,0
0,1,0,0,0,0,0,0,0,0
0,1,0,0,0,0,0,0,0,0
0,1,0,0,0,0,0,0,0,0
0,1,0,0,0,0,0,0,0,0
1,0,0,1,0,0,0,0,0,0
1,1,0,0,0,0,0,0,0,0
1,1,0,0,0,0,1,0,0,0
0,0,0,0,0,0,0,0,0,0
1,1,0,0,0,0,0,0,0,0
1,1,0,0,0,0,0,0,0,1
0,0,0,0,0,0,0,0,0,0
0,0,0,1,0,1,0,0,0,0
1,0,1,0,0,0,0,0,0,0
1,1,0,0,0,0,0,0,0,0
0,0,0,0,0,0,0,0,0,0
1,1,0,0,0,0,0,0,0,0
1,0,1,0,0,0,0,0,0,0
0,0,1,0,0,0,0,0,0,0
0,0,1,0,0,0,0,0,0,0
0,0,0,0,0,0,1,0,0,0
1,0,0,1,1,0,0,0,0,0
1,0,0,1,0,1,0,0,0,0
0,0,0,0,0,0,0,0,0,0
1,1,0,0,0,0,0,0,0,0
0,0,0,0,0,0,0,0,0,0
1,0,1,0,0,0,0,0,0,0
0,0,1,0,0,0,0,0,0,0
0,0,0,0,0,0,0,0,0,0
1,1,0,0,0,0,1,0,0,0
1,1,0,0,0,0,0,0,0,0
1,1,0,0,0,0,0,0,0,0
1,0,1,0,0,0,0,0,0,0
1,1,0,0,0,0,0,0,0,0
1,0,1,0,0,0,0,0,0,0
1,0,0,1,0,0,0,0,0,0
0,0,0,0,0,0,0,0,0,0
1,1,0,0,0,0,0,0,0,0
1,1,0,0,0,0,0,0,0,0
1,1,0,0,0,0,0,0,0,0
1,1,0,0,0,0,0,0,0,0
1,1,0,0,0,0,0,0,0,0
1,1,0,0,0,0,0,0,0,0
1,0,0,1,0,0,0,0,0,0
1,1,0,0,0,0,0,0,0,0
1,0,0,1,0,0,0,0,0,0
1,0,0,1,0,0,0,0,0,0
1,0,1,0,0,1,0,0,0,0
0,0,0,0,0,0,0,0,0,0
1,0,1,0,0,0,0,0,0,0
1,1,0,0,1,0,0,0,0,0
0,0,0,0,0,0,0,0,0,0
1,1,0,0,0,0,0,0,0,0
1,1,0,0,1,0,0,0,0,0
1,1,0,0,0,0,0,0,0,0
1,0,1,0,0,0,0,0,0,0
1,0,0,0,0,0,0,0,0,1
1,1,0,0,0,0,0,0,0,0
1,1,0,0,0,0,0,0,0,0
1,1,0,0,0,0,0,0,0,0
1,0,0,1,0,0,1,1,0,0
1,0,0,1,1,0,0,0,0,0
1,0,0,1,0,0,0,0,0,0
0,0,1,0,0,0,0,0,0,0
1,1,0,0,0,0,1,0,0,0
1,1,0,0,0,0,0,0,0,0
0,0,0,0,0,0,0,0,0,0
0,0,0,0,0,0,0,0,0,0
1,1,0,0,0,0,0,0,0,0
1,1,0,0,0,0,0,0,0,0
1,0,0,0,0,0,0,0,0,0
1,1,0,0,0,0,0,0,0,0
0,0,0,1,0,0,0,0,0,0
0,0,0,0,0,0,0,0,0,0
0,1,0,0,0,0,0,0,0,0
1,1,0,0,0,0,0,0,0,0
0,0,0,0,0,0,0,0,0,0
1,1,0,0,0,0,1,0,0,0
1,0,1,0,0,1,0,0,0,1
1,1,0,0,0,0,0,0,0,0
1,0,1,0,0,0,0,0,0,0
1,1,0,0,0,0,0,0,0,0
0,0,1,0,0,0,0,0,0,0
1,1,0,0,0,0,0,0,0,0
1,1,0,0,0,0,0,0,0,0
0,1,0,0,0,0,1,0,0,0
0,0,1,0,0,1,0,0,0,0
1,0,1,0,0,0,0,0,0,0
1,1,0,0,0,0,0,0,0,0
1,1,0,0,0,0,0,0,0,0
1,0,0,1,0,0,0,0,0,0
0,0,0,0,0,0,0,0,0,0
0,1,0,0,0,0,0,0,0,0
1,0,1,0,0,1,0,0,0,0
0,1,0,0,0,0,0,0,0,0
1,0,1,0,0,0,0,0,0,0
1,0,1,0,0,0,1,0,0,0
1,1,0,0,0,0,0,0,0,0
1,0,1,0,0,0,0,0,0,0
0,1,0,0,0,0,0,0,0,0
1,1,0,0,1,0,0,0,0,0
1,1,0,0,0,0,0,0,0,0
1,0,1,0,0,1,0,0,0,1
1,0,1,0,0,0,0,0,0,0
1,1,0,0,0,0,0,0,0,0
0,0,1,0,0,1,0,0,0,0
0,0,1,0,0,0,0,0,0,0
1,1,0,0,0,0,0,0,0,0
1,1,0,0,1,0,0,0,1,0
1,1,0,0,0,0,0,0,0,0
1,0,0,1,0,0,0,0,0,0
1,0,0,1,0,0,0,0,0,0
1,0,0,1,0,0,0,0,0,0
1,0,0,1,0,0,0,0,0,0
1,0,1,0,0,0,0,0,0,0
1,0,1,0,0,0,0,0,0,0
0,0,0,0,0,0,0,0,0,0
0,0,0,0,0,0,0,0,0,0
1,0,0,0,0,0,1,1,0,0
1,1,0,0,0,0,1,1,0,0
0,1,0,0,0,0,0,0,0,0
1,0,0,1,0,0,0,0,0,0
1,0,1,0,0,0,0,0,1,0
1,1,0,0,0,0,0,0,0,0
1,1,0,0,0,0,0,0,0,0
1,1,0,0,0,0,0,0,0,0
0,0,1,0,0,0,0,0,0,0
1,1,0,0,0,0,0,0,0,0
0,1,0,0,0,0,0,0,0,0
1,0,0,0,1,0,0,0,0,0
1,1,0,0,0,0,0,0,0,0
1,1,0,0,1,0,0,0,0,0
1,1,0,0,1,0,0,0,0,0
1,1,0,0,1,0,0,0,0,0
1,1,0,0,1,0,0,0,0,0
1,0,1,0,0,0,0,0,0,0
0,0,1,0,0,1,0,0,0,0
1,0,1,0,0,0,0,0,0,0
1,0,1,0,0,0,0,0,0,0
1,0,1,0,0,0,0,0,0,0
1,1,0,0,0,0,0,0,0,0
1,1,0,0,0,0,0,0,0,0
0,0,1,0,0,0,0,0,0,0
1,0,1,0,0,1,0,0,0,0
1,0,0,0,0,0,0,0,0,0
0,0,0,0,0,1,0,0,0,0
1,1,0,0,1,0,0,0,0,0
1,0,1,0,0,0,0,0,0,0
1,0,1,0,0,0,0,0,0,0
1,1,0,0,0,0,0,0,0,0
0,0,1,0,0,0,0,0,0,0
1,0,1,0,0,0,0,0,0,0
1,0,1,0,0,0,0,0,0,0
0,0,0,0,0,0,0,0,0,0
1,1,0,0,0,0,0,0,0,0
1,0,1,0,0,0,0,0,0,0
1,1,0,0,0,0,0,0,0,0
1,0,1,0,0,0,0,0,0,0
1,0,0,0,0,0,0,0,0,0
0,0,1,0,0,0,0,0,0,0
1,1,0,0,0,1,0,0,0,0
1,1,1,0,0,0,0,0,0,0
1,1,0,0,0,0,0,0,0,1
1,1,0,0,1,0,0,0,0,0
1,1,0,0,0,0,0,0,0,0
1,0,0,1,0,0,0,0,0,0
1,0,0,1,1,0,0,0,0,0
1,1,0,0,1,0,0,0,0,0
1,1,0,0,0,0,0,0,0,0
1,0,0,1,0,0,0,0,0,0
1,0,0,0,0,0,0,0,0,0
0,0,0,0,0,0,0,0,0,0
0,0,1,0,0,0,0,0,0,0
0,0,0,0,0,0,0,0,0,0
1,1,0,0,0,0,0,0,0,0
1,1,0,0,0,0,0,0,0,0
0,0,1,0,0,0,0,0,0,0
0,0,1,0,0,0,0,0,0,0
0,0,1,0,0,0,0,0,0,0
0,0,1,0,0,0,0,0,0,0
0,0,0,0,0,0,1,1,0,0
1,1,0,0,0,0,0,0,0,0
1,0,1,0,0,1,0,0,0,1
0,1,0,0,0,0,0,0,0,0
1,0,1,0,0,0,0,0,0,0
1,1,0,0,0,0,0,0,0,0
1,0,0,0,0,0,0,0,0,0
1,1,0,0,0,0,0,0,0,0
1,0,0,1,0,0,0,0,0,0
1,0,0,0,0,0,0,0,0,0
1,1,0,0,0,0,0,0,0,0
1,0,1,0,0,0,0,0,0,0
1,0,1,0,0,0,0,0,0,0
1,1,0,0,0,0,0,0,0,0
1,0,0,1,0,0,0,0,0,0
1,0,0,1,0,0,0,0,0,0
1,1,0,0,0,0,0,0,0,0
1,1,0,0,0,0,0,0,0,0
0,1,0,0,0,0,0,0,0,0
1,0,0,1,0,0,0,0,0,0
1,1,0,0,0,0,0,0,0,0
0,0,0,0,0,0,0,0,0,0
1,1,0,0,0,0,0,0,0,0
0,0,0,0,0,0,0,0,0,0
1,0,1,0,1,1,0,0,0,0
1,1,0,0,1,0,0,0,1,0
1,1,0,0,0,0,0,0,0,0
1,0,0,0,0,0,0,0,0,0
1,0,1,0,0,0,0,0,0,1
0,0,0,1,0,0,0,0,0,0
0,0,0,0,0,0,0,0,0,0
1,0,1,0,0,0,0,0,0,1
1,0,1,0,0,0,0,0,0,0
1,1,0,0,0,1,0,0,0,0
1,0,0,1,0,0,0,0,0,0
1,1,0,0,0,0,0,0,0,0
1,1,0,0,0,0,0,0,1,0
0,0,0,0,0,0,0,0,0,0
1,1,0,0,0,0,0,0,0,0
0,0,1,0,0,0,0,0,0,0
1,1,0,0,1,0,0,0,0,0
1,0,1,0,0,0,0,0,0,0
1,1,0,0,0,0,0,0,0,0
1,0,0,0,0,0,0,0,0,0
1,1,0,0,0,0,0,0,0,0
1,1,0,0,0,0,0,0,0,0
1,1,0,0,0,0,0,0,0,0
1,0,1,0,1,0,0,0,0,0
1,1,0,0,0,0,0,0,0,0
1,1,0,0,0,0,0,0,1,0
0,0,0,0,0,0,0,0,0,0
1,1,0,0,0,0,1,1,0,0
1,0,0,0,0,0,0,0,0,0
1,1,0,0,0,0,0,0,0,0
1,0,1,0,0,0,0,0,0,0
1,0,0,1,0,0,0,0,0,0
1,1,0,0,0,0,0,0,0,0
0,1,0,0,0,0,0,0,0,0
1,0,0,1,0,0,0,0,0,0
1,1,0,0,1,0,1,0,0,0
1,1,0,0,0,0,0,0,0,0
1,0,1,0,0,1,0,0,0,0
1,1,0,0,0,0,0,0,0,0
1,0,0,1,0,0,0,0,0,0
1,0,0,1,0,0,0,0,0,0
0,0,0,0,0,0,0,0,0,0
1,1,0,0,0,0,0,0,0,0
0,0,0,0,0,0,0,0,0,0
1,1,0,0,0,0,0,0,0,0
1,1,0,0,0,0,0,0,0,0
0,0,0,0,0,0,0,0,0,0
1,1,0,0,0,0,0,0,0,0
0,0,0,0,0,0,0,0,0,0
1,0,0,1,1,1,0,0,0,0
1,0,1,0,0,0,0,0,0,0
0,0,1,0,0,0,0,0,0,0
1,1,1,0,0,0,0,0,0,0
1,1,0,0,0,0,0,0,0,0
0,0,0,0,0,0,0,0,0,0
1,1,0,0,0,0,0,0,0,0
1,1,0,0,0,0,0,0,0,0
1,0,0,1,0,0,0,0,0,0
1,0,1,0,1,0,0,0,0,0
1,1,0,0,0,0,0,0,0,0
0,0,0,0,0,0,0,0,0,0
0,0,0,1,0,0,0,0,0,0
1,1,0,0,0,0,0,0,0,0
0,0,0,0,0,0,0,0,0,0
1,0,0,1,0,0,0,0,0,0
1,0,1,0,0,0,0,0,0,0
1,0,1,0,0,0,0,0,0,0
1,1,0,0,0,0,0,0,0,0
1,0,0,0,0,0,0,0,0,1
0,0,0,0,0,0,0,0,0,0
1,0,1,0,0,0,0,0,0,0
0,0,0,0,0,0,0,0,0,0
1,1,0,0,0,0,0,0,0,0
1,1,0,0,0,0,0,0,0,0
1,0,0,1,0,0,0,0,0,0
1,0,1,0,0,0,0,0,0,0
1,0,0,1,0,0,0,0,0,0
1,1,0,0,0,0,0,0,0,0
1,0,0,1,0,0,0,0,0,0
1,0,1,0,0,0,0,0,0,0
0,1,0,0,0,0,0,0,0,0
1,0,0,1,0,0,0,0,0,0
1,0,0,1,0,0,0,0,0,0
1,0,0,1,0,0,0,0,0,0
1,0,0,1,0,0,0,0,0,0
1,0,0,1,0,0,0,0,0,0
1,0,1,0,0,1,0,0,0,0
1,1,0,0,0,0,0,0,0,0
1,1,0,0,1,0,0,0,0,0
1,1,0,0,0,0,0,0,0,0
0,1,0,0,0,0,0,0,0,0
1,1,0,0,0,0,0,0,0,0
1,0,0,0,0,0,0,0,0,0
1,1,0,0,0,0,0,0,0,0
1,1,0,0,0,0,0,0,0,0
1,1,0,0,0,0,0,0,0,0
1,0,1,0,0,0,0,0,0,0
1,1,0,0,0,0,0,0,0,0
0,1,0,0,0,0,0,0,0,0
1,1,0,0,0,0,0,0,0,0
1,1,0,0,0,0,0,0,0,0
0,0,0,0,0,0,0,0,0,0
0,0,1,0,0,0,0,0,0,0
1,1,0,0,0,0,0,0,0,0
1,1,0,0,0,0,0,0,0,0
0,0,0,0,0,0,0,0,0,0
1,0,1,0,0,0,0,0,0,0
1,1,0,0,0,0,0,0,0,0
1,1,0,0,0,0,0,0,0,0
0,0,0,0,0,0,0,0,0,0
0,0,1,0,0,0,1,0,0,0
1,1,0,0,0,0,0,0,0,0
0,1,0,0,0,0,0,0,0,0
1,0,1,0,0,0,0,0,0,0
1,1,0,0,0,0,0,0,0,0
1,0,1,0,0,0,0,0,0,0
1,0,1,0,0,1,0,0,0,0
1,0,1,0,0,0,0,0,0,0
1,1,0,0,0,0,0,0,0,0
0,0,1,0,0,0,0,0,0,0
1,1,0,0,0,0,0,0,0,0
1,1,0,0,0,0,0,0,0,0
1,1,0,0,0,0,0,0,0,0
0,0,1,0,0,0,0,0,0,0
0,1,0,0,0,0,0,0,0,0
1,0,0,0,0,0,0,0,0,0
1,1,0,0,0,0,0,0,0,0
1,0,1,0,0,0,0,0,0,0
1,1,0,0,0,0,0,0,0,0
1,1,1,0,0,0,0,0,0,0
0,0,0,1,0,0,0,0,0,0
1,0,1,0,0,0,0,0,0,0
1,0,1,0,0,0,0,0,0,0
0,0,1,0,0,0,0,0,0,0
0,0,1,0,0,0,0,0,0,0
1,0,0,1,0,0,0,0,0,0
1,0,1,1,0,0,0,0,0,0
1,0,1,0,1,0,0,0,0,0
1,1,0,0,0,0,0,0,0,0
0,0,0,0,0,0,0,0,0,0
0,0,0,0,0,0,0,0,0,0
0,0,0,0,0,0,0,0,0,0
0,0,0,0,0,0,0,0,0,0
0,0,2,0,0,0,0,0,0,0
1,0,1,0,0,0,0,0,0,0
0,0,0,0,0,0,0,0,0,0
1,0,0,0,0,0,0,0,0,0
1,0,0,1,0,0,0,0,0,0
1,0,1,0,0,0,0,0,0,0
0,0,1,0,0,1,0,0,0,0
1,1,0,0,0,0,0,0,0,0
1,0,0,1,0,0,0,0,0,0
0,0,0,0,1,0,0,0,0,0
1,0,1,0,0,0,0,0,0,0
1,1,0,0,0,0,0,0,0,0
1,0,1,0,0,0,0,0,0,0
1,1,0,0,0,0,0,0,0,0
0,0,0,0,0,0,0,0,0,0
1,0,1,0,0,0,0,0,0,0
1,0,0,1,0,0,0,0,0,0
1,0,1,0,0,0,0,0,0,0
1,1,0,0,0,0,0,0,0,0
0,0,1,0,0,0,0,0,0,0
0,0,1,0,0,0,0,0,0,0
1,0,1,1,0,0,0,0,0,0
1,1,0,0,0,0,0,0,0,0
0,0,0,0,0,1,0,0,0,1
1,0,0,1,0,0,0,0,1,0
1,0,0,1,0,0,0,0,0,0
1,1,0,0,0,0,0,0,1,0
1,0,1,0,0,0,0,0,0,0
1,0,1,0,0,0,0,0,0,0
1,1,0,0,0,0,0,0,0,0
1,1,0,0,0,0,0,0,0,0
0,0,0,0,0,0,0,0,0,0
0,0,0,0,0,0,0,0,0,0
1,0,0,1,0,0,0,0,0,0
1,0,1,0,0,0,0,0,0,0
1,0,1,0,0,0,0,0,0,0
1,0,0,1,0,0,0,0,0,0
1,0,1,0,1,0,0,0,0,0
1,1,0,0,0,0,0,0,0,0
1,1,0,0,0,0,0,0,0,0
1,1,0,0,0,0,0,0,0,0
0,0,0,0,0,0,0,0,0,0
1,0,1,0,0,0,0,0,0,0
1,1,0,0,1,0,0,0,0,0
1,1,0,0,0,0,0,0,0,0
1,0,1,0,0,0,0,0,0,0
1,1,0,0,1,0,0,0,0,0
1,0,0,0,0,0,0,0,0,0
1,1,0,0,0,0,1,1,0,0
0,0,0,0,0,0,0,0,0,0
0,0,0,0,0,0,0,0,0,0
0,0,0,0,0,0,0,0,0,0
0,1,0,0,0,0,0,0,0,0
0,1,0,0,0,0,0,0,0,0
1,0,1,0,0,0,0,0,0,0
1,1,0,0,0,0,0,0,0,0
1,0,1,0,0,0,0,0,0,0
1,1,0,0,0,0,0,0,0,0
1,0,1,0,0,0,0,0,0,0
1,0,1,0,0,0,0,0,0,0
1,0,1,0,0,0,1,1,0,0
0,0,0,0,0,0,0,0,0,0
1,1,0,0,0,0,0,0,0,0
1,0,1,0,0,0,0,0,0,0
1,1,0,0,0,0,0,0,0,0
1,0,0,1,0,0,0,0,0,0
0,0,0,1,0,0,0,0,0,0
0,0,0,1,0,1,0,0,0,0
1,0,1,0,1,0,0,0,0,0
1,0,0,0,0,0,0,0,0,0
1,0,1,0,1,0,0,0,0,0
1,0,1,0,0,0,1,0,0,0
0,0,0,0,0,0,0,0,0,0
1,0,1,0,0,0,1,0,0,0
1,1,0,0,0,1,0,0,0,0
1,1,0,0,0,0,0,0,0,0
1,1,0,0,0,0,0,0,0,0
1,1,0,0,0,0,0,0,0,0
1,0,1,0,0,0,0,0,0,0
0,0,0,0,0,1,0,0,0,0
1,0,2,0,0,0,0,0,0,2
1,1,0,0,0,0,0,0,0,0
1,1,0,0,0,0,0,0,0,0
1,1,0,0,0,0,0,0,0,0
1,1,0,0,0,0,0,0,0,0
1,0,1,0,0,0,0,0,0,0
1,0,0,1,0,0,0,0,0,0
0,0,1,0,0,0,0,0,0,0
1,0,1,0,0,0,0,0,0,0
1,0,0,1,0,0,0,0,0,0
1,1,0,0,0,0,0,0,0,0
0,0,0,0,0,0,0,0,0,0
1,1,0,0,0,0,0,0,0,0
1,1,0,0,1,0,0,0,0,0
1,0,0,1,0,0,0,0,0,0
1,0,0,1,0,1,0,0,0,0
1,1,0,0,0,0,0,0,0,0
0,0,0,0,0,0,0,0,0,0
0,0,0,0,0,0,0,0,0,0
1,0,1,0,0,0,0,0,0,0
1,0,0,1,0,0,0,0,0,0
1,1,0,0,0,0,0,0,0,0
1,0,1,0,0,0,0,0,0,0
1,1,0,0,1,0,0,0,0,0
1,0,1,0,0,0,0,0,0,0
1,0,1,0,0,0,0,0,0,0
1,0,1,0,0,0,0,0,0,0
1,1,0,0,0,0,0,0,0,0
1,0,2,0,0,0,0,0,0,0
1,0,1,0,0,0,0,0,0,0
1,0,0,0,0,0,0,0,0,0
0,1,0,0,0,1,0,0,0,1
0,1,0,0,0,0,0,0,0,0
1,0,0,1,0,0,0,0,0,0
1,1,0,0,0,0,0,0,0,0
1,0,1,0,0,0,0,0,0,0
1,0,1,0,0,0,0,0,0,0
1,0,1,0,0,0,0,0,0,0
0,0,1,0,0,0,0,0,0,0
0,0,1,0,0,0,0,0,0,0
1,0,1,0,0,0,0,0,0,0
0,0,1,0,0,0,0,0,0,1
1,0,0,1,0,1,0,0,0,1
1,0,0,1,0,0,0,0,0,0
0,0,1,0,0,0,0,0,0,0
1,0,0,1,0,0,0,0,0,0
1,0,1,0,0,0,0,0,0,0
1,1,0,0,0,1,0,0,0,0
0,0,0,0,0,0,0,0,0,0
0,0,0,0,0,0,0,0,0,0
1,1,0,0,0,0,0,0,0,0
1,0,0,1,1,0,0,0,0,0
1,0,0,1,0,0,2,1,0,0
1,0,0,1,0,0,0,0,0,0
0,0,0,1,0,0,0,0,0,0
1,0,1,0,0,0,0,0,0,0
1,0,0,0,0,0,0,0,0,0
1,0,1,0,0,0,0,0,0,0
1,0,1,0,0,0,0,0,0,0
1,0,1,0,0,0,1,1,0,0
1,1,0,0,0,0,0,0,0,0
1,1,0,0,0,0,0,0,0,0
1,0,1,0,0,0,0,0,0,0
1,0,0,1,0,0,1,1,0,0
1,1,0,0,0,0,0,0,0,0
1,1,0,0,0,0,0,0,0,0
1,1,0,0,0,0,1,0,0,0
1,1,0,0,1,0,0,0,0,0
1,0,1,0,0,0,0,0,0,0
1,0,1,0,0,0,0,0,0,0
0,0,0,0,1,0,0,0,0,0
1,0,0,1,0,0,0,0,0,0
0,0,0,0,0,0,0,0,0,0
1,1,0,0,0,0,0,0,0,1
0,0,0,0,0,0,0,0,0,0
1,0,1,0,0,0,0,0,0,0
1,0,1,0,0,0,0,0,0,0
0,0,0,0,0,0,0,0,0,0
1,0,0,1,0,0,0,0,0,0
1,1,0,0,0,0,0,0,0,0
1,1,0,0,0,0,1,0,0,0
1,1,0,0,0,0,0,0,0,0
1,1,0,0,0,0,0,0,0,0
1,1,0,0,0,0,0,0,0,0
1,1,0,0,0,0,0,0,0,0
1,1,0,0,0,0,0,0,0,0
1,1,0,0,1,0,0,0,0,0
1,0,0,1,0,0,0,0,0,0
1,0,1,0,0,0,0,0,0,0
1,1,0,0,0,0,0,0,0,0
1,0,1,0,0,0,0,0,0,0
0,0,1,0,0,0,0,0,0,0
1,0,1,0,0,0,0,0,0,0
1,0,1,0,0,0,0,0,0,0
1,0,1,0,0,0,0,0,0,0
1,0,1,0,0,0,0,0,0,0
1,0,1,0,0,0,0,0,0,0
1,0,0,1,0,0,0,0,0,0
1,1,0,0,0,0,1,1,0,0
1,0,1,0,0,0,0,0,0,0
1,0,1,0,0,0,0,0,0,0
1,0,1,0,0,0,0,0,0,0
1,0,1,0,0,0,0,0,0,0
1,1,0,0,0,0,0,0,0,0
1,0,1,0,0,0,0,0,0,0
1,1,0,0,0,0,0,0,0,0
1,1,0,0,0,0,0,0,0,0
1,0,0,0,0,0,0,0,0,0
1,0,0,1,0,0,0,0,0,0
1,1,0,0,0,0,0,0,0,0
1,0,1,0,0,0,0,0,0,0
1,0,1,0,0,0,0,0,0,0
1,0,1,0,0,0,0,0,0,0
1,0,1,0,0,0,0,0,0,0
1,0,0,1,0,0,0,0,0,0
1,0,0,1,1,0,0,0,0,1
1,0,0,1,0,0,0,0,0,0
1,0,1,0,0,0,0,0,0,0
1,0,1,0,0,0,0,0,0,0
1,0,1,0,0,0,1,1,0,0
1,0,0,0,0,0,0,0,0,0
1,0,0,1,0,1,0,0,0,0
1,0,0,0,0,0,0,0,0,0
1,0,1,0,0,0,0,0,0,0
1,0,1,0,0,0,0,0,0,0
1,0,1,0,0,0,0,0,0,0
1,0,1,0,0,0,0,0,0,0
0,0,1,0,0,0,0,0,0,0
1,1,0,0,1,0,0,0,0,0
1,1,0,0,1,0,0,0,0,0
1,1,0,0,0,0,0,0,0,0
1,1,1,0,0,0,0,0,0,0
1,0,1,0,0,0,0,0,0,0
1,1,0,0,0,0,0,0,0,0
1,1,0,0,0,0,0,0,0,0
0,0,1,0,0,0,0,0,0,0
0,0,1,0,0,0,0,0,0,0
0,1,0,0,0,0,0,0,0,0
1,0,0,1,0,0,0,0,0,0
1274,716,442,232,114,77,69,50,50,49
